{"cameraMode":{"drawMode":0,"name":"Shaded","section":"Shading Mode"},"sceneLighting":false,"audioPlay":false,"sceneViewState":{"m_AlwaysRefresh":false,"showFog":true,"showSkybox":false,"showFlares":true,"showImageEffects":true,"showParticleSystems":true,"showVisualEffectGraphs":true,"m_FxEnabled":true},"in2DMode":false,"pivot":{"x":0.0011538639664649964,"y":0.24415245652198792,"z":0.2671203911304474},"rotation":{"x":0.05606745928525925,"y":-0.8832697868347168,"z":0.13428667187690736,"w":0.44598740339279177},"size":0.2772499620914459,"orthographic":false}