{"cameraMode":{"drawMode":0,"name":"Shaded","section":"Shading Mode"},"sceneLighting":false,"audioPlay":false,"sceneViewState":{"m_AlwaysRefresh":false,"showFog":true,"showSkybox":false,"showFlares":true,"showImageEffects":true,"showParticleSystems":true,"showVisualEffectGraphs":true,"m_FxEnabled":true},"in2DMode":false,"pivot":{"x":-0.002079486846923828,"y":0.43309807777404787,"z":-0.6306025385856628},"rotation":{"x":0.05606745928525925,"y":-0.8832697868347168,"z":0.13428667187690736,"w":0.44598740339279177},"size":0.4776628613471985,"orthographic":false}