{"cameraMode":{"drawMode":0,"name":"Shaded","section":"Shading Mode"},"sceneLighting":false,"audioPlay":false,"sceneViewState":{"m_AlwaysRefresh":false,"showFog":true,"showSkybox":false,"showFlares":true,"showImageEffects":true,"showParticleSystems":true,"showVisualEffectGraphs":true,"m_FxEnabled":true},"in2DMode":false,"pivot":{"x":1.862645149230957e-8,"y":-0.11699999868869782,"z":-0.11055003106594086},"rotation":{"x":0.18473970890045167,"y":-0.7263689041137695,"z":0.2142389565706253,"w":0.6263673305511475},"size":0.020615534856915475,"orthographic":false}