{"cameraMode":{"drawMode":0,"name":"Shaded","section":"Shading Mode"},"sceneLighting":false,"audioPlay":false,"sceneViewState":{"m_AlwaysRefresh":false,"showFog":true,"showSkybox":false,"showFlares":true,"showImageEffects":true,"showParticleSystems":true,"showVisualEffectGraphs":true,"m_FxEnabled":true},"in2DMode":false,"pivot":{"x":-1.752042531967163,"y":1.2049944400787354,"z":-1.5231062173843384},"rotation":{"x":-0.0031730090267956259,"y":0.9145317673683167,"z":-0.00877756904810667,"w":-0.4049467146396637},"size":1.721252679824829,"orthographic":false}