{"cameraMode":{"drawMode":0,"name":"Shaded","section":"Shading Mode"},"sceneLighting":false,"audioPlay":false,"sceneViewState":{"m_AlwaysRefresh":false,"showFog":true,"showSkybox":false,"showFlares":true,"showImageEffects":true,"showParticleSystems":true,"showVisualEffectGraphs":true,"m_FxEnabled":true},"in2DMode":false,"pivot":{"x":0.24825185537338258,"y":1.5185202360153199,"z":0.2890841066837311},"rotation":{"x":0.06731778383255005,"y":-0.814403772354126,"z":0.11547060310840607,"w":0.5647695660591126},"size":0.37142708897590639,"orthographic":false}