{"cameraMode":{"drawMode":0,"name":"Shaded","section":"Shading Mode"},"sceneLighting":false,"audioPlay":false,"sceneViewState":{"m_AlwaysRefresh":false,"showFog":true,"showSkybox":false,"showFlares":true,"showImageEffects":true,"showParticleSystems":true,"showVisualEffectGraphs":true,"m_FxEnabled":true},"in2DMode":false,"pivot":{"x":-0.2560993432998657,"y":1.0156620740890504,"z":0.08851039409637451},"rotation":{"x":0.013121984899044037,"y":0.9782887697219849,"z":-0.01118602603673935,"w":0.20724093914031983},"size":0.8660253882408142,"orthographic":false}