{"cameraMode":{"drawMode":0,"name":"Shaded","section":"Shading Mode"},"sceneLighting":false,"audioPlay":false,"sceneViewState":{"m_AlwaysRefresh":false,"showFog":true,"showSkybox":false,"showFlares":true,"showImageEffects":true,"showParticleSystems":true,"showVisualEffectGraphs":true,"m_FxEnabled":true},"in2DMode":false,"pivot":{"x":0.04992629215121269,"y":0.20820532739162446,"z":-0.15754830837249757},"rotation":{"x":-0.05213254317641258,"y":0.7891550660133362,"z":-0.06804527342319489,"w":-0.6085103154182434},"size":0.18653319776058198,"orthographic":false}