{"cameraMode":{"drawMode":0,"name":"Shaded","section":"Shading Mode"},"sceneLighting":false,"audioPlay":false,"sceneViewState":{"m_AlwaysRefresh":false,"showFog":true,"showSkybox":false,"showFlares":true,"showImageEffects":true,"showParticleSystems":true,"showVisualEffectGraphs":true,"m_FxEnabled":true},"in2DMode":false,"pivot":{"x":0.02449023723602295,"y":0.8355617523193359,"z":0.11419641971588135},"rotation":{"x":0.03474012762308121,"y":-0.950128972530365,"z":0.16555260121822358,"w":0.2621551752090454},"size":1.721252679824829,"orthographic":false}