{"cameraMode":{"drawMode":0,"name":"Shaded","section":"Shading Mode"},"sceneLighting":true,"audioPlay":false,"sceneViewState":{"m_AlwaysRefresh":false,"showFog":true,"showSkybox":true,"showFlares":true,"showImageEffects":true,"showParticleSystems":true,"showVisualEffectGraphs":true,"m_FxEnabled":true},"in2DMode":false,"pivot":{"x":0.02449023723602295,"y":0.8355617523193359,"z":0.11419641971588135},"rotation":{"x":0.18473970890045167,"y":-0.7263689041137695,"z":0.2142389565706253,"w":0.6263673305511475},"size":1.3672927618026734,"orthographic":false}