{"cameraMode":{"drawMode":0,"name":"Shaded","section":"Shading Mode"},"sceneLighting":false,"audioPlay":false,"sceneViewState":{"m_AlwaysRefresh":false,"showFog":true,"showSkybox":false,"showFlares":true,"showImageEffects":true,"showParticleSystems":true,"showVisualEffectGraphs":true,"m_FxEnabled":true},"in2DMode":false,"pivot":{"x":-0.02044444903731346,"y":0.06709957122802735,"z":0.46321338415145876},"rotation":{"x":0.4234945774078369,"y":-0.06870719790458679,"z":0.043693311512470248,"w":0.9023056626319885},"size":0.3442581295967102,"orthographic":false}