{"cameraMode":{"drawMode":0,"name":"Shaded","section":"Shading Mode"},"sceneLighting":false,"audioPlay":false,"sceneViewState":{"m_AlwaysRefresh":false,"showFog":true,"showSkybox":false,"showFlares":true,"showImageEffects":true,"showParticleSystems":true,"showVisualEffectGraphs":true,"m_FxEnabled":true},"in2DMode":false,"pivot":{"x":0.5157039761543274,"y":1.0730141401290894,"z":-0.7083515524864197},"rotation":{"x":0.07444512844085694,"y":-0.9001089930534363,"z":-0.3770383894443512,"w":-0.20545680820941926},"size":0.8660253882408142,"orthographic":false}