{"cameraMode":{"drawMode":0,"name":"Shaded","section":"Shading Mode"},"sceneLighting":false,"audioPlay":false,"sceneViewState":{"m_AlwaysRefresh":false,"showFog":true,"showSkybox":false,"showFlares":true,"showImageEffects":true,"showParticleSystems":true,"showVisualEffectGraphs":true,"m_FxEnabled":true},"in2DMode":false,"pivot":{"x":-0.08770035207271576,"y":0.5423233509063721,"z":0.10884867608547211},"rotation":{"x":0.38567888736724856,"y":-0.011105469428002835,"z":0.01583772338926792,"w":0.9225026369094849},"size":0.012430200353264809,"orthographic":false}