{"cameraMode":{"drawMode":0,"name":"Shaded","section":"Shading Mode"},"sceneLighting":false,"audioPlay":false,"sceneViewState":{"m_AlwaysRefresh":false,"showFog":true,"showSkybox":false,"showFlares":true,"showImageEffects":true,"showParticleSystems":true,"showVisualEffectGraphs":true,"m_FxEnabled":true},"in2DMode":false,"pivot":{"x":-0.1125817745923996,"y":0.29631924629211428,"z":0.05543622374534607},"rotation":{"x":-0.015568049624562264,"y":-0.9945258498191834,"z":0.0847654640674591,"w":-0.05991387739777565},"size":0.1276797205209732,"orthographic":false}