{"cameraMode":{"drawMode":0,"name":"Shaded","section":"Shading Mode"},"sceneLighting":false,"audioPlay":false,"sceneViewState":{"m_AlwaysRefresh":false,"showFog":true,"showSkybox":false,"showFlares":true,"showImageEffects":true,"showParticleSystems":true,"showVisualEffectGraphs":true,"m_FxEnabled":true},"in2DMode":false,"pivot":{"x":-0.8337026834487915,"y":0.38853874802589419,"z":-1.1743718385696412},"rotation":{"x":0.00343511626124382,"y":-0.9405680298805237,"z":0.040357720106840137,"w":0.3373168408870697},"size":0.8660253882408142,"orthographic":false}