{"cameraMode":{"drawMode":0,"name":"Shaded","section":"Shading Mode"},"sceneLighting":false,"audioPlay":false,"sceneViewState":{"m_AlwaysRefresh":false,"showFog":true,"showSkybox":false,"showFlares":true,"showImageEffects":true,"showParticleSystems":true,"showVisualEffectGraphs":true,"m_FxEnabled":true},"in2DMode":false,"pivot":{"x":0.13036790490150453,"y":0.6093329787254334,"z":-0.6849368214607239},"rotation":{"x":-0.002314394572749734,"y":-0.9850242733955383,"z":-0.048873431980609897,"w":-0.1656000167131424},"size":0.4293068051338196,"orthographic":false}