{"cameraMode":{"drawMode":0,"name":"Shaded","section":"Shading Mode"},"sceneLighting":false,"audioPlay":false,"sceneViewState":{"m_AlwaysRefresh":false,"showFog":true,"showSkybox":false,"showFlares":true,"showImageEffects":true,"showParticleSystems":true,"showVisualEffectGraphs":true,"m_FxEnabled":true},"in2DMode":false,"pivot":{"x":0.10710431635379791,"y":0.5159302353858948,"z":-1.5591317415237427},"rotation":{"x":-0.010750887915492058,"y":-0.9982060790061951,"z":0.005532347597181797,"w":-0.059463560581207278},"size":0.8660253882408142,"orthographic":false}