{"cameraMode":{"drawMode":0,"name":"Shaded","section":"Shading Mode"},"sceneLighting":true,"audioPlay":false,"sceneViewState":{"m_AlwaysRefresh":false,"showFog":true,"showSkybox":true,"showFlares":true,"showImageEffects":true,"showParticleSystems":true,"showVisualEffectGraphs":true,"m_FxEnabled":true},"in2DMode":false,"pivot":{"x":-25.262474060058595,"y":1.7912660837173463,"z":-10.275734901428223},"rotation":{"x":-0.005455473903566599,"y":-0.9941605925559998,"z":0.06002795323729515,"w":-0.08997992426156998},"size":0.8660253882408142,"orthographic":false}