{"cameraMode":{"drawMode":0,"name":"Shaded","section":"Shading Mode"},"sceneLighting":true,"audioPlay":false,"sceneViewState":{"m_AlwaysRefresh":false,"showFog":true,"showSkybox":true,"showFlares":true,"showImageEffects":true,"showParticleSystems":true,"showVisualEffectGraphs":true,"m_FxEnabled":true},"in2DMode":false,"pivot":{"x":-33.100589752197269,"y":1.4361202716827393,"z":-23.857402801513673},"rotation":{"x":0.015919622033834459,"y":0.9941805005073547,"z":-0.06043693423271179,"w":0.09027794748544693},"size":0.8660253882408142,"orthographic":false}