{"cameraMode":{"drawMode":0,"name":"Shaded","section":"Shading Mode"},"sceneLighting":true,"audioPlay":false,"sceneViewState":{"m_AlwaysRefresh":false,"showFog":true,"showSkybox":true,"showFlares":true,"showImageEffects":true,"showParticleSystems":true,"showVisualEffectGraphs":true,"m_FxEnabled":true},"in2DMode":false,"pivot":{"x":6.921449661254883,"y":-2.838806629180908,"z":-22.289283752441408},"rotation":{"x":-0.011096801608800888,"y":0.9881875514984131,"z":-0.12548516690731049,"w":-0.08738423883914948},"size":9.059904098510743,"orthographic":false}