{"cameraMode":{"drawMode":0,"name":"Shaded","section":"Shading Mode"},"sceneLighting":true,"audioPlay":false,"sceneViewState":{"m_AlwaysRefresh":false,"showFog":true,"showSkybox":true,"showFlares":true,"showImageEffects":true,"showParticleSystems":true,"showVisualEffectGraphs":true,"m_FxEnabled":true},"in2DMode":false,"pivot":{"x":-0.7850740551948547,"y":2.921170949935913,"z":-5.7011613845825199},"rotation":{"x":-0.011375978589057923,"y":-0.9145470261573792,"z":-0.025796066969633104,"w":0.40396648645401},"size":0.8660253882408142,"orthographic":false}