{"cameraMode":{"drawMode":0,"name":"Shaded","section":"Shading Mode"},"sceneLighting":true,"audioPlay":false,"sceneViewState":{"m_AlwaysRefresh":false,"showFog":true,"showSkybox":true,"showFlares":true,"showImageEffects":true,"showParticleSystems":true,"showVisualEffectGraphs":true,"m_FxEnabled":true},"in2DMode":false,"pivot":{"x":30.02261734008789,"y":-2.1115431785583498,"z":-0.31624695658683779},"rotation":{"x":-0.05459306761622429,"y":-0.32235875725746157,"z":0.007639868650585413,"w":-0.9451794624328613},"size":16.75380516052246,"orthographic":false}