{"cameraMode":{"drawMode":0,"name":"Shaded","section":"Shading Mode"},"sceneLighting":true,"audioPlay":false,"sceneViewState":{"m_AlwaysRefresh":false,"showFog":true,"showSkybox":true,"showFlares":true,"showImageEffects":true,"showParticleSystems":true,"showVisualEffectGraphs":true,"m_FxEnabled":true},"in2DMode":false,"pivot":{"x":2.9771511554718019,"y":0.7827065587043762,"z":-15.4821195602417},"rotation":{"x":0.12676551938056947,"y":-0.6259930729866028,"z":0.10500175505876541,"w":0.7626658082008362},"size":0.3521561026573181,"orthographic":false}