{"cameraMode":{"drawMode":0,"name":"Shaded","section":"Shading Mode"},"sceneLighting":true,"audioPlay":false,"sceneViewState":{"m_AlwaysRefresh":false,"showFog":true,"showSkybox":true,"showFlares":true,"showImageEffects":true,"showParticleSystems":true,"showVisualEffectGraphs":true,"m_FxEnabled":true},"in2DMode":false,"pivot":{"x":12.442930221557618,"y":2.5290260314941408,"z":27.940458297729493},"rotation":{"x":0.0031812468077987434,"y":0.7200115919113159,"z":-0.011627396568655968,"w":-0.6940389275550842},"size":0.043264925479888919,"orthographic":false}