{"cameraMode":{"drawMode":0,"name":"Shaded","section":"Shading Mode"},"sceneLighting":true,"audioPlay":false,"sceneViewState":{"m_AlwaysRefresh":false,"showFog":true,"showSkybox":true,"showFlares":true,"showImageEffects":true,"showParticleSystems":true,"showVisualEffectGraphs":true,"m_FxEnabled":true},"in2DMode":false,"pivot":{"x":27.999202728271486,"y":14.957659721374512,"z":1.8723145723342896},"rotation":{"x":-0.16488626599311829,"y":0.7595337629318237,"z":-0.2119235247373581,"w":-0.5926962494850159},"size":0.8660253882408142,"orthographic":false}